旭川店,北海道旭川市6条通14-64,43.7686637,142.3720071
恵庭店,北海道恵庭市恵み野西2-1,42.9020234,141.5749234
帯広店,北海道帯広市稲田町南8線西10-1,42.8897809,143.1981573
北見店,北海道北見市光西町185,43.7983035,143.8702256
釧路店,北海道釧路市新橋大通6-2,43.0051408,144.3721864
琴似店,北海道札幌市西区琴似2条1-4-1,43.0807333,141.3059295
アリオ札幌店,北海道札幌市東区北7条東9-2-20,43.0711702,141.3702553
すすきの店,北海道札幌市中央区南4条西4丁目1番地,43.0549911,141.3531241
屯田店,北海道札幌市北区屯田8条3-5-1,43.1402268,141.3409224
函館店,北海道函館市美原1-3-1,41.8133453,140.7582257
福住店,北海道札幌市豊平区福住2条1-2-5,43.0201958,141.403941
青森店,青森県青森市浜田1-14-1,40.8008129,140.7490542
五所川原店,青森県五所川原市大字唐笠柳字藤巻517-1,40.8001701,140.4550057
八戸沼館店,青森県八戸市沼館4-7-111,40.5282123,141.4975165
弘前店,青森県弘前市大字駅前3-2-1,40.5993585,140.4810521
花巻店,岩手県花巻市下小舟渡118-1,39.3929723,141.1176228
石巻あけぼの店,宮城県石巻市あけぼの1-1-2,38.4483639,141.273413
アリオ内 仙台泉店,宮城県仙台市泉区泉中央1-5-1,38.324442,140.8821511
郡山店,福島県郡山市西ノ内2-11-40,37.4074284,140.3641831
平店,福島県いわき市平6-6-2,37.0575515,140.8940774
福島店,福島県福島市太田町13-4,37.753998,140.456891
古河店,茨城県古河市雷電町1-18,36.1990298,139.7127565
日立店,茨城県日立市幸町1-16-1,36.5918049,140.6590163
竜ヶ崎店,茨城県龍ヶ崎市小柴5-1-2,35.9327691,140.1603346
宇都宮店,栃木県宇都宮市陽東6-2-1,36.555106,139.9284026
小山店,栃木県小山市駅東通り2-3-15,36.3133638,139.8086134
伊勢崎店,群馬県伊勢崎市連取町1507,36.3163352,139.1818025
藤岡店,群馬県藤岡市藤岡831,36.2521245,139.0826546
アリオ内 上尾店,埼玉県埼玉県上尾市大字壱丁目367番地,35.9616186,139.565464
上尾駅前店,埼玉県上尾市谷津2-1-1,35.9717421,139.5887812
浦和店,埼玉県さいたま市浦和区仲町1-7-1,35.860399,139.6554675
大宮店,埼玉県さいたま市大宮区吉敷町4-263-6,35.8955302,139.6344289
大宮宮原店,埼玉県さいたま市北区宮原町1-854-1,35.9331248,139.6230209
春日部店,埼玉県春日部市中央1-13-1,35.9797285,139.7495038
加須店,埼玉県加須市大門町20-58,36.1300713,139.5929036
上福岡東店,埼玉県ふじみ野市大原2-1-30,35.8805493,139.5181585
アリオ内 川口店,埼玉県川口市並木元町1-79,35.8078098,139.7137916
ザ・プライス川口店,埼玉県川口市栄町3-14-15,35.8028803,139.7208077
川越店,埼玉県川越市新富町1-20,35.9143299,139.4825217
久喜店,埼玉県久喜市久喜中央4-9-11,36.0711136,139.6749064
食品館 小手指店,埼玉県埼玉県所沢市小手指町1-8-5,35.8016457,139.4364685
埼玉大井店,埼玉県ふじみ野市西鶴ヶ岡1-3-15,35.8639813,139.5023024
坂戸店,埼玉県坂戸市日の出町5-30,35.957578,139.3914654
食品館新三郷店,埼玉県埼玉県三郷市新三郷ららシティ3-1-1,35.8601478,139.8653829
新田店,埼玉県草加市旭町6-15-30,35.8519895,139.7944608
ザ・プライスせんげん台店,埼玉県越谷市千間台東2-707,35.9369127,139.7780389
草加店,埼玉県草加市高砂2-7-1,35.827907,139.8046106
ザ・プライス西川口店,埼玉県川口市西川口2-3-5,35.8122921,139.7019286
錦町店,埼玉県蕨市錦町1-12-1,35.8213235,139.6774694
ザ・プライス東松山店,埼玉県東松山市箭弓町1-15-13,36.0350771,139.4040086
アリオ内 深谷店,埼玉県深谷市上柴町西4-2-14,36.1815372,139.298624
三郷店,埼玉県三郷市天神二丁目22番地,35.8433775,139.8541788
和光店,埼玉県和光市丸山台1-9-3,35.7864684,139.6123954
アリオ内 鷲宮店,埼玉県埼玉県久喜市久本寺谷田7番地1,35.8617292,139.6454822
ザ・プライス蕨店,埼玉県蕨市塚越1-7-9,35.8267453,139.6925124
赤羽店,東京都北区赤羽西1-7-1,35.777223,139.7192448
昭島店,東京都昭島市田中町562-1,35.7142156,139.3624889
食品館阿佐谷店,東京都東京都杉並区阿佐谷北二丁目13番2号,35.7057456,139.6361072
食品館小豆沢店,東京都東京都板橋区小豆沢3丁目9番5号,35.7801135,139.6944386
綾瀬店,東京都足立区綾瀬3-4-25,35.7627079,139.8253694
食品館王子店,東京都東京都北区王子1丁目23番5号,35.7539291,139.734061
大井町店,東京都品川区大井1丁目3番6号,35.6071292,139.7339138
大森店,東京都大田区大森北2-13-1,35.5864789,139.7330455
葛西店,東京都江戸川区東葛西9-3-3,35.6522026,139.8809664
金町店,東京都葛飾区東金町1-10-8,35.7701435,139.8675848
上板橋店,東京都板橋区常盤台4-26-1,35.7640152,139.67806
アリオ内 亀有店,東京都葛飾区亀有3丁目49番3号,35.7646972,139.8519306
亀有駅前店,東京都葛飾区亀有3-26-1,35.766608,139.8484475
アリオ内 北砂店,東京都江東区北砂2-17,35.6826886,139.8250117
木場店,東京都江東区木場1-5-30,35.6661487,139.8042003
小岩店,東京都江戸川区西小岩1-24-1,35.7336872,139.8815047
国領店,東京都調布市国領町8-2-64,35.6468486,139.5638694
石神井公園店食品館,東京都東京都練馬区石神井町3丁目23番15号,35.7436544,139.6058559
ザ・プライス千住店,東京都足立区千住3-2,35.7512842,139.8007251
食品館高井戸店,東京都東京都杉並区宮前2丁目1番16号カサ・デ宮前1 階,35.6904381,139.6161239
高砂店,東京都葛飾区高砂3-12-5,35.7506294,139.8682579
ザ・プライス滝山店,東京都東久留米市滝山4-13-10,35.7453485,139.5038836
竹の塚店,東京都足立区 竹の塚5丁目17番1号,35.7954842,139.7952429
立石店,東京都葛飾区立石1-18-3,35.7380116,139.8486632
田無店,東京都西東京市田無町2-1-1 アスタビル2階,35.728467,139.540251
多摩センター店,東京都多摩市落合1-44,35.6237357,139.4258702
戸越店,東京都品川区戸越6-8-2,35.6076731,139.717976
アリオ内 西新井店,東京都足立区西新井栄町1丁目20番1号,35.7746589,139.786111
ザ・プライス西新井店,東京都足立区興野1-12-7,35.7703149,139.7820949
食品館練馬高野台店,東京都東京都練馬区高野台1丁目7番27号,35.7406329,139.6168772
拝島店,東京都昭島市松原町3-2-12,35.7155789,139.3480234
八王子店,東京都八王子市狭間町1462-1,35.6379179,139.2934363
東久留米店,東京都東久留米市本町3-8-1,35.7590142,139.5287865
東村山店,東京都東村山市本町2-2-19,35.7587797,139.4665143
東大和店,東京都東大和市桜が丘2-142-1,35.7358731,139.4243382
曳舟店,東京都墨田区京島1-2-1,35.7173101,139.8178285
南大沢店,東京都八王子市南大沢2-28-1,35.6132052,139.3792969
三ノ輪店,東京都荒川区南千住1-9-1,35.7319723,139.7900854
武蔵小金井店,東京都小金井市本町6丁目14番9号,35.7004955,139.5046803
武蔵境店,東京都武蔵野市境南町2-2-20,35.7013188,139.5458349
四つ木店,東京都葛飾区四つ木2-21-1,35.7372228,139.8385756
食品館早稲田店,東京都東京都新宿区早稲田町74番,35.7059393,139.7224855
姉崎店,千葉県市原市姉崎645-1,35.4798943,140.0455015
我孫子店,千葉県我孫子市我孫子4-11-1,35.8759426,140.0096188
我孫子南口店,千葉県我孫子市本町3-2-28,35.8718906,140.0129602
アリオ内 市原店,千葉県市原市更級四丁目3番2,35.5075861,140.1011437
食品館 おおたかの森,千葉県流山市西初石6丁目185番地の2,35.8706965,139.9261438
柏店,千葉県柏市柏2-15,35.8616383,139.9734563
食品館鎌ヶ谷店,千葉県千葉県鎌ヶ谷市富岡1-1-3,35.7711368,139.9996186
ザ・プライス五香店,千葉県松戸市常盤平5-22-3,35.7959917,139.9618603
新浦安店,千葉県浦安市明海4-1-1,35.642924,139.9228631
アリオ内 蘇我店,千葉県千葉市中央区川崎町52番地7,35.5874948,140.1227288
津田沼店,千葉県習志野市津田沼1-10-30,35.6897647,140.0239563
流山店,千葉県流山市流山9-800-2,35.8502189,139.8993718
成田店,千葉県成田市公津の杜4-5-3,35.7597902,140.2965868
ザ・プライス野田店,千葉県千葉県野田市野田721番地1,35.9459184,139.8615538
東習志野店,千葉県習志野市東習志野7-3-1,35.7018342,140.0756513
船橋店,千葉県船橋市本町7-6-1,35.7033603,139.9851287
幕張店,千葉県千葉市花見川区幕張町4-417-25,35.6563445,140.0512381
松戸店,千葉県松戸市松戸1149,35.7835551,139.9022877
八千代店,千葉県八千代市村上南1-3-1,35.7223049,140.1177394
八柱店,千葉県松戸市日暮1-15-8,35.7910079,139.9398179
四街道店,千葉県四街道市中央５番地,35.6677775,140.1651613
厚木店,神奈川県厚木市中町4-13-1,35.4384074,139.3618334
伊勢原店,神奈川県伊勢原市桜台1-8-1,35.3951362,139.3148537
大船店,神奈川県鎌倉市大船6-1-1,35.3539575,139.5383071
小田原店,神奈川県小田原市中里296-1,35.2818014,139.1886624
桂台店,神奈川県横浜市栄区桂台中15-1,35.3531298,139.5664217
上大岡店,神奈川県横浜市港南区上大岡西3-9-1,35.4045822,139.5971021
上永谷店,神奈川県横浜市港南区丸山台1-12,35.4012101,139.5716102
川崎店,神奈川県川崎市川崎区小田栄2-2-1,35.5145329,139.7087205
川崎港町店,神奈川県川崎市川崎区港町12-1,35.5335581,139.7178941
古淵店,神奈川県相模原市南区古淵3-13-33,35.5530135,139.4186535
相模原店,神奈川県相模原市南区松が枝町17-1,35.515551,139.4251013
湘南台店,神奈川県藤沢市石川6-2-1,35.3922847,139.4466583
ザ・プライス湘南台店,神奈川県藤沢市湘南台7-36-1,35.3935963,139.4718428
新百合ヶ丘店,神奈川県川崎市麻生区上麻生1-4-1,35.6031776,139.5093382
立場店,神奈川県横浜市泉区中田西1-1-15,35.4136382,139.5002378
たまプラーザ店,神奈川県横浜市青葉区美しが丘1-6-1,35.5784543,139.5567691
茅ヶ崎店,神奈川県茅ヶ崎市新栄町11-8,35.3318432,139.4054164
綱島店,神奈川県横浜市港北区綱島西2-8-1,35.535395,139.6318018
鶴見店,神奈川県横浜市鶴見区鶴見中央3-15-30,35.5088619,139.686106
能見台店,神奈川県横浜市金沢区能見台東3-1,35.3585445,139.627269
アリオ内 橋本店,神奈川県神奈川県相模原市緑区大山町1-22,35.5910509,139.3497503
秦野店,神奈川県秦野市大秦町2-16,35.3688869,139.2306535
藤沢店,神奈川県藤沢市鵠沼石上1-10-1,35.3349764,139.4891277
食品館本牧店,神奈川県横浜市中区小港町2丁目100-4,35.4303762,139.6648323
溝ノ口店,神奈川県川崎市高津区久本3-6-20,35.5989845,139.6159089
武蔵小杉店,神奈川県川崎市中原区小杉町3-420,35.5755379,139.6578729
大和鶴間店,神奈川県大和市下鶴間1丁目3番1号,35.4905089,139.457133
洋光台店,神奈川県横浜市磯子区洋光台3-10-3,35.3803795,139.5940109
横浜別所店,神奈川県横浜市南区別所1-14-1,35.415964,139.5947023
ららぽーと横浜店,神奈川県横浜市都筑区池辺町4035番1,35.5179093,139.5663144
若葉台店,神奈川県横浜市旭区若葉台3-7-1,35.5054722,139.4980529
直江津店,新潟県県上越市西本町3丁目8-8,37.17077,138.2372234
イトーヨーカドー丸大柏崎店,新潟県県柏崎市駅前2-3-7,37.3673031,138.5543925
イトーヨーカドー丸大長岡店,新潟県県長岡市城内町2-3-12,37.4481623,138.8525409
イトーヨーカドー丸大新潟店,新潟県県新潟市中央区本町通り6-1122-1,37.9296945,139.0485047
甲府昭和店,山梨県中巨摩郡昭和町西条13-1,35.6397211,138.5439551
アリオ内 上田店,長野県上田市天神3-5-1,36.399584,138.2442114
長野店,長野県長野市権堂町2201,36.653757,138.1924295
南松本店,長野県松本市高宮中1-20,36.212855,137.961328
アリオ松本店,長野県松本市深志1-2-30,36.2302444,137.9665212
柳津店,岐阜県岐阜市柳津町丸野3-3-6,35.3624751,136.7285933
静岡店,静岡県静岡市駿河区曲金3-1-5,34.9723352,138.4072908
沼津店,静岡県沼津市高島本町1-5,35.1080082,138.8579925
浜松宮竹店,静岡県浜松市東区上西町1020-1,34.7257951,137.76607
三島店,静岡県三島市中田町9-30,35.1133224,138.9193793
安城店,愛知県安城市住吉町3-1-8,34.9851602,137.0831408
犬山店,愛知県犬山市天神町1-1,35.3813178,136.9467857
尾張旭店,愛知県尾張旭市南原山町石原116-4,35.2134804,137.0514415
刈谷店,愛知県刈谷市高倉町2-601,35.0021032,136.9986596
知多店,愛知県知多市新知東町1-10-1,34.9814545,136.8668698
豊橋店,愛知県豊橋市藤沢町141,34.7441325,137.3714521
六地蔵店,京都府宇治市六地蔵奈良町67-1,34.9339391,135.7980869
奈良店,奈良県奈良市二条大路南1-3-1,34.6851869,135.8021921
あべの店,大阪府大阪市阿倍野区阿倍野筋1-6-1,34.6450961,135.5115296
津久野店,大阪府堺市西区下田町20-1,34.541304,135.4644665
東大阪店,大阪府東大阪市吉田下島1-1,34.6722809,135.6177331
アリオ内 八尾店,大阪府八尾市光町2丁目3番,34.6328435,135.6058242
アリオ内 鳳店,大阪府堺市西区鳳南町3丁199番地12,34.524803,135.4589536
明石店,兵庫県明石市二見町西二見駅前1-18,34.705492,134.8784856
加古川店,兵庫県加古川市別府町緑町2,34.7275531,134.8487939
甲子園店,兵庫県西宮市甲子園八番町1-100,34.7173455,135.3644131
広畑店,兵庫県姫路市広畑区夢前町1-1,34.7969228,134.6370633
岡山店,岡山県岡山市北区下石井2-10-2,34.6577869,133.9183242
アリオ内食品館倉敷店,岡山県倉敷市寿町12番2号,34.6033423,133.764184
福山店,広島県福山市入船町3-1-60,34.4867104,133.3785869
十里堡店,北京市朝陽区朝陽路十里堡甲三号,39.92147,116.443108
亜運村店,北京市朝陽区北四環東路108号,39.988148,116.418248
豊台北路店,北京市豊台区豊台北路79号,39.866394,116.293245
大興店,北京市大興区康庄路10号 那尓水晶城,39.75801,116.338549
西直門店,北京市西城区西直門外大街112号甲,39.9396442,116.3497028
望京店,北京市朝陽区望京街9号,39.989323,116.481635
右安門店,北京市宣武区右安門内大街72号,39.8806892,116.3637431
北苑店,北京市朝陽区大羊坊路10号,39.8647044,116.4606097
食品館 三里屯店,北京市朝陽区工人体育場北路13号,39.935485,116.44974

